Country Name,Country Code,Indicator Name,Indicator Code,1960,1961,1962,1963,1964,1965,1966,1967,1968,1969,1970,1971,1972,1973,1974,1975,1976,1977,1978,1979,1980,1981,1982,1983,1984,1985,1986,1987,1988,1989,1990,1991,1992,1993,1994,1995,1996,1997,1998,1999,2000,2001,2002,2003,2004,2005,2006,2007,2008,2009,2010,2011,2012,2013,2014,2015,2016,2017,2018,2019,
Aruba,ABW,Tasa tributaria total (% de utilidades comerciales),IC.TAX.TOTL.CP.ZS,,,,,,,,,,,,,,,,,,,,,,,,,,,,,,,,,,,,,,,,,,,,,,,,,,,,,,,,,,,,,
Afganistán,AFG,Tasa tributaria total (% de utilidades comerciales),IC.TAX.TOTL.CP.ZS,,,,,,,,,,,,,,,,,,,,,,,,,,,,,,,,,,,,,,,,,,,,,,35.8,35.8,35.8,35.8,35.8,35.8,35.8,35.8,35.6,36.1,36.1,47.9,71.4,71.4,71.4,
Angola,AGO,Tasa tributaria total (% de utilidades comerciales),IC.TAX.TOTL.CP.ZS,,,,,,,,,,,,,,,,,,,,,,,,,,,,,,,,,,,,,,,,,,,,,,52.2,52.2,52.2,52.2,52.2,52.2,52.3,52.3,52.6,52.6,49,48,49.1,49.1,49.1,
Albania,ALB,Tasa tributaria total (% de utilidades comerciales),IC.TAX.TOTL.CP.ZS,,,,,,,,,,,,,,,,,,,,,,,,,,,,,,,,,,,,,,,,,,,,,,58.6,56.9,46.3,50,44,40.6,38.7,38.8,31.7,31.6,36.9,36.9,37.3,37.3,36.6,
Andorra,AND,Tasa tributaria total (% de utilidades comerciales),IC.TAX.TOTL.CP.ZS,,,,,,,,,,,,,,,,,,,,,,,,,,,,,,,,,,,,,,,,,,,,,,,,,,,,,,,,,,,,,
El mundo árabe,ARB,Tasa tributaria total (% de utilidades comerciales),IC.TAX.TOTL.CP.ZS,,,,,,,,,,,,,,,,,,,,,,,,,,,,,,,,,,,,,,,,,,,,,,58.3444444444444,48.9555555555555,45.22,44.21,44.045,43.11,42.295,41.8761904761905,41.5238095238095,42.5761904761905,42.5952380952381,42.1666666666667,42.5047619047619,42.747619047619,42.5142857142857,
Emiratos Árabes Unidos,ARE,Tasa tributaria total (% de utilidades comerciales),IC.TAX.TOTL.CP.ZS,,,,,,,,,,,,,,,,,,,,,,,,,,,,,,,,,,,,,,,,,,,,,,14.4,14.4,14.4,14.4,14.1,14.1,14.1,14.9,14.8,14.8,15.9,15.9,15.9,15.9,15.9,
Argentina,ARG,Tasa tributaria total (% de utilidades comerciales),IC.TAX.TOTL.CP.ZS,,,,,,,,,,,,,,,,,,,,,,,,,,,,,,,,,,,,,,,,,,,,,,107.3,107.3,107.3,107.3,107.3,107.4,107.4,107.5,119.4,137.4,137.6,106,106,106,106.3,
Armenia,ARM,Tasa tributaria total (% de utilidades comerciales),IC.TAX.TOTL.CP.ZS,,,,,,,,,,,,,,,,,,,,,,,,,,,,,,,,,,,,,,,,,,,,,,36.6,36.6,38.6,38.6,38.6,38.6,38.8,38.8,35.9,20.1,20,18.5,18.5,18.5,22.6,
Samoa Americana,ASM,Tasa tributaria total (% de utilidades comerciales),IC.TAX.TOTL.CP.ZS,,,,,,,,,,,,,,,,,,,,,,,,,,,,,,,,,,,,,,,,,,,,,,,,,,,,,,,,,,,,,
Antigua y Barbuda,ATG,Tasa tributaria total (% de utilidades comerciales),IC.TAX.TOTL.CP.ZS,,,,,,,,,,,,,,,,,,,,,,,,,,,,,,,,,,,,,,,,,,,,,,51.5,47.6,46.2,46.2,41,41,41,41,40.9,41.6,41.9,41.9,41.9,42.8,43,
Australia,AUS,Tasa tributaria total (% de utilidades comerciales),IC.TAX.TOTL.CP.ZS,,,,,,,,,,,,,,,,,,,,,,,,,,,,,,,,,,,,,,,,,,,,,,52.1,51.1,50.1,50,47.8,47.6,47.3,47.2,47.3,47.4,47.6,47.6,47.5,47.4,47.4,
Austria,AUT,Tasa tributaria total (% de utilidades comerciales),IC.TAX.TOTL.CP.ZS,,,,,,,,,,,,,,,,,,,,,,,,,,,,,,,,,,,,,,,,,,,,,,57.2,51.1,51.1,51.1,51.6,51.3,50.8,52.3,51.9,51.7,51.7,51.6,51.8,51.5,51.4,
Azerbaiyán,AZE,Tasa tributaria total (% de utilidades comerciales),IC.TAX.TOTL.CP.ZS,,,,,,,,,,,,,,,,,,,,,,,,,,,,,,,,,,,,,,,,,,,,,,46.4,42.4,40.9,40.9,40.9,38.9,40,40,39.8,39.8,39.8,39.8,39.8,41.2,40.7,
Burundi,BDI,Tasa tributaria total (% de utilidades comerciales),IC.TAX.TOTL.CP.ZS,,,,,,,,,,,,,,,,,,,,,,,,,,,,,,,,,,,,,,,,,,,,,,280.2,280.2,280.2,280.2,280.2,154.9,46.5,46.5,45.2,40.3,40.3,40.1,41.5,41.2,41.2,
Bélgica,BEL,Tasa tributaria total (% de utilidades comerciales),IC.TAX.TOTL.CP.ZS,,,,,,,,,,,,,,,,,,,,,,,,,,,,,,,,,,,,,,,,,,,,,,60.1,59.9,57.9,55.9,55.2,57.3,57.7,58.2,58,58.4,58.4,58.7,57.1,57.7,55.4,
Benin,BEN,Tasa tributaria total (% de utilidades comerciales),IC.TAX.TOTL.CP.ZS,,,,,,,,,,,,,,,,,,,,,,,,,,,,,,,,,,,,,,,,,,,,,,65.7,65.7,65.7,65.7,61.2,55,55,55,48.9,48.9,48.9,48.9,48.9,48.9,48.9,
Burkina Faso,BFA,Tasa tributaria total (% de utilidades comerciales),IC.TAX.TOTL.CP.ZS,,,,,,,,,,,,,,,,,,,,,,,,,,,,,,,,,,,,,,,,,,,,,,47.6,47.6,47.6,44.5,44.5,44.8,42.7,42.7,41.3,41.3,41.3,41.3,41.3,41.3,41.3,
Bangladesh,BGD,Tasa tributaria total (% de utilidades comerciales),IC.TAX.TOTL.CP.ZS,,,,,,,,,,,,,,,,,,,,,,,,,,,,,,,,,,,,,,,,,,,,,,,,,,,,,,35.4,35.4,34.4,34.4,33.4,33.4,33.4,
Bulgaria,BGR,Tasa tributaria total (% de utilidades comerciales),IC.TAX.TOTL.CP.ZS,,,,,,,,,,,,,,,,,,,,,,,,,,,,,,,,,,,,,,,,,,,,,,45.2,41.6,35.8,33.9,30.4,28,27.2,27.8,27,27,27,27,27.1,27.7,28.3,
Bahrein,BHR,Tasa tributaria total (% de utilidades comerciales),IC.TAX.TOTL.CP.ZS,,,,,,,,,,,,,,,,,,,,,,,,,,,,,,,,,,,,,,,,,,,,,,,,14.7,14.7,14.7,13.5,13.5,13.5,13.5,13.5,13.5,13.5,13.8,13.8,13.8,
Bahamas,BHS,Tasa tributaria total (% de utilidades comerciales),IC.TAX.TOTL.CP.ZS,,,,,,,,,,,,,,,,,,,,,,,,,,,,,,,,,,,,,,,,,,,,,,,,42.9,42.9,42.9,42.9,44.6,44.6,48.5,41.1,33.8,33.8,31.5,31.5,33.8,
Bosnia y Herzegovina,BIH,Tasa tributaria total (% de utilidades comerciales),IC.TAX.TOTL.CP.ZS,,,,,,,,,,,,,,,,,,,,,,,,,,,,,,,,,,,,,,,,,,,,,,42.8,42.7,42.8,42.8,25.9,22.2,23.6,23.6,22.2,23.3,23.3,22.6,23.7,23.7,23.7,
Belarús,BLR,Tasa tributaria total (% de utilidades comerciales),IC.TAX.TOTL.CP.ZS,,,,,,,,,,,,,,,,,,,,,,,,,,,,,,,,,,,,,,,,,,,,,,137.2,137.2,120.8,117.4,99.9,80.8,63,54.3,50.5,50.3,51.9,52.7,52.9,53.3,53.3,
Belice,BLZ,Tasa tributaria total (% de utilidades comerciales),IC.TAX.TOTL.CP.ZS,,,,,,,,,,,,,,,,,,,,,,,,,,,,,,,,,,,,,,,,,,,,,,34.7,34.8,34.8,33.2,33.2,33.2,33.2,33.2,31.1,31.1,31.1,31.1,31.1,31.1,31.1,
Bermudas,BMU,Tasa tributaria total (% de utilidades comerciales),IC.TAX.TOTL.CP.ZS,,,,,,,,,,,,,,,,,,,,,,,,,,,,,,,,,,,,,,,,,,,,,,,,,,,,,,,,,,,,,
Bolivia,BOL,Tasa tributaria total (% de utilidades comerciales),IC.TAX.TOTL.CP.ZS,,,,,,,,,,,,,,,,,,,,,,,,,,,,,,,,,,,,,,,,,,,,,,80,80,80,80,80,80,80,83.4,83.7,83.7,83.7,83.7,83.7,83.7,83.7,
Brasil,BRA,Tasa tributaria total (% de utilidades comerciales),IC.TAX.TOTL.CP.ZS,,,,,,,,,,,,,,,,,,,,,,,,,,,,,,,,,,,,,,,,,,,,,,,,,,,,,,66.1,66,65.6,65.3,65.1,65.1,65.1,
Barbados,BRB,Tasa tributaria total (% de utilidades comerciales),IC.TAX.TOTL.CP.ZS,,,,,,,,,,,,,,,,,,,,,,,,,,,,,,,,,,,,,,,,,,,,,,,,,,,,35,34.7,34.6,34.6,34.7,34.7,35.3,35.3,35.6,
Brunei Darussalam,BRN,Tasa tributaria total (% de utilidades comerciales),IC.TAX.TOTL.CP.ZS,,,,,,,,,,,,,,,,,,,,,,,,,,,,,,,,,,,,,,,,,,,,,,,37.4,37.4,37.4,30.1,15.7,16.7,15.4,15.8,15.8,8,8,8,8,8,
Bhután,BTN,Tasa tributaria total (% de utilidades comerciales),IC.TAX.TOTL.CP.ZS,,,,,,,,,,,,,,,,,,,,,,,,,,,,,,,,,,,,,,,,,,,,,,37.3,37.3,37.3,37.3,37.3,37.3,37.3,37.3,35.3,35.3,35.3,35.3,35.3,35.3,35.3,
Botswana,BWA,Tasa tributaria total (% de utilidades comerciales),IC.TAX.TOTL.CP.ZS,,,,,,,,,,,,,,,,,,,,,,,,,,,,,,,,,,,,,,,,,,,,,,17.1,17.1,17.1,17.1,17,19.5,19.5,25.4,25.3,25.1,25.1,25.1,25.1,25.1,25.1,
República Centroafricana,CAF,Tasa tributaria total (% de utilidades comerciales),IC.TAX.TOTL.CP.ZS,,,,,,,,,,,,,,,,,,,,,,,,,,,,,,,,,,,,,,,,,,,,,,65.7,203.8,203.8,203.8,203.8,203.8,54.6,67.4,73.3,73.3,73.3,73.3,73.3,73.3,73.3,
Canadá,CAN,Tasa tributaria total (% de utilidades comerciales),IC.TAX.TOTL.CP.ZS,,,,,,,,,,,,,,,,,,,,,,,,,,,,,,,,,,,,,,,,,,,,,,47.5,45,44.3,44.1,42.3,22,20.7,20.1,19.9,21.1,21.1,21,20.9,20.5,24.5,
Europa Central y del Báltico,CEB,Tasa tributaria total (% de utilidades comerciales),IC.TAX.TOTL.CP.ZS,,,,,,,,,,,,,,,,,,,,,,,,,,,,,,,,,,,,,,,,,,,,,,44.9363636363636,43.1545454545455,42.3090909090909,41.9818181818182,41.3818181818182,40.7090909090909,40.7818181818182,41.4090909090909,39.2727272727273,39.1,39.3727272727273,38.9818181818182,38.9909090909091,38.4636363636364,36.6181818181818,
Suiza,CHE,Tasa tributaria total (% de utilidades comerciales),IC.TAX.TOTL.CP.ZS,,,,,,,,,,,,,,,,,,,,,,,,,,,,,,,,,,,,,,,,,,,,,,28.8,27.6,27.9,27.8,28.7,28.8,28.9,29.4,28.8,28.8,28.8,28.8,28.8,28.8,28.8,
Islas del Canal,CHI,Tasa tributaria total (% de utilidades comerciales),IC.TAX.TOTL.CP.ZS,,,,,,,,,,,,,,,,,,,,,,,,,,,,,,,,,,,,,,,,,,,,,,,,,,,,,,,,,,,,,
Chile,CHL,Tasa tributaria total (% de utilidades comerciales),IC.TAX.TOTL.CP.ZS,,,,,,,,,,,,,,,,,,,,,,,,,,,,,,,,,,,,,,,,,,,,,,25.3,25.1,25.1,25.1,24.8,24.5,24.5,27.7,27.7,28.9,29.9,31.4,33,34,34,
China,CHN,Tasa tributaria total (% de utilidades comerciales),IC.TAX.TOTL.CP.ZS,,,,,,,,,,,,,,,,,,,,,,,,,,,,,,,,,,,,,,,,,,,,,,,,,,,,,,68.8,68.6,67.9,68.2,66.5,64,59.2,
Côte d'Ivoire,CIV,Tasa tributaria total (% de utilidades comerciales),IC.TAX.TOTL.CP.ZS,,,,,,,,,,,,,,,,,,,,,,,,,,,,,,,,,,,,,,,,,,,,,,53.4,53.4,50.6,50.6,50.4,50.2,50.1,44.4,52.5,51.9,51.9,51.3,50.1,50.1,50.1,
Camerún,CMR,Tasa tributaria total (% de utilidades comerciales),IC.TAX.TOTL.CP.ZS,,,,,,,,,,,,,,,,,,,,,,,,,,,,,,,,,,,,,,,,,,,,,,50.6,50.8,50.8,50.4,48.8,48.8,48.8,48.8,48.8,48.8,48.8,57.7,57.7,57.7,57.7,
"Congo, República Democrática del",COD,Tasa tributaria total (% de utilidades comerciales),IC.TAX.TOTL.CP.ZS,,,,,,,,,,,,,,,,,,,,,,,,,,,,,,,,,,,,,,,,,,,,,,288.2,288.2,288.2,263.3,292.7,339.1,339.1,339.1,55.7,54.7,54.6,54.6,54.6,54.6,50.7,
"Congo, República del",COG,Tasa tributaria total (% de utilidades comerciales),IC.TAX.TOTL.CP.ZS,,,,,,,,,,,,,,,,,,,,,,,,,,,,,,,,,,,,,,,,,,,,,,64.5,64.5,64.5,64.5,64.5,64.5,63.1,64.5,55.8,55,56,54.3,54.3,54.3,54.3,
Colombia,COL,Tasa tributaria total (% de utilidades comerciales),IC.TAX.TOTL.CP.ZS,,,,,,,,,,,,,,,,,,,,,,,,,,,,,,,,,,,,,,,,,,,,,,86.7,86.9,87.2,82.8,83,83,79.1,78.7,78.8,79.9,72.3,72.2,72.3,71.9,71.2,
Comoras,COM,Tasa tributaria total (% de utilidades comerciales),IC.TAX.TOTL.CP.ZS,,,,,,,,,,,,,,,,,,,,,,,,,,,,,,,,,,,,,,,,,,,,,,217.9,217.9,217.9,217.9,217.9,217.9,217.9,217.9,216.5,216.5,216.5,216.5,216.5,219.6,219.6,
Cabo Verde,CPV,Tasa tributaria total (% de utilidades comerciales),IC.TAX.TOTL.CP.ZS,,,,,,,,,,,,,,,,,,,,,,,,,,,,,,,,,,,,,,,,,,,,,,53.1,53.1,53.1,53.1,49.7,37.5,37.9,37.2,36.5,36.5,36.5,36.6,36.6,37,37.5,
Costa Rica,CRI,Tasa tributaria total (% de utilidades comerciales),IC.TAX.TOTL.CP.ZS,,,,,,,,,,,,,,,,,,,,,,,,,,,,,,,,,,,,,,,,,,,,,,58.1,58.1,58.1,58.1,58.1,58.3,58.3,58.6,58.2,58.2,58.2,58.3,58.3,58.3,58.3,
Estados pequeos del Caribe,CSS,Tasa tributaria total (% de utilidades comerciales),IC.TAX.TOTL.CP.ZS,,,,,,,,,,,,,,,,,,,,,,,,,,,,,,,,,,,,,,,,,,,,,,41.4090909090909,40.9090909090909,40.625,40.4,39.85,39.4166666666667,38.7076923076923,38.6538461538462,38.4769230769231,37.4615384615385,36.5538461538462,36.2307692307692,36.4615384615385,36.7769230769231,36.8769230769231,
Cuba,CUB,Tasa tributaria total (% de utilidades comerciales),IC.TAX.TOTL.CP.ZS,,,,,,,,,,,,,,,,,,,,,,,,,,,,,,,,,,,,,,,,,,,,,,,,,,,,,,,,,,,,,
Curacao,CUW,Tasa tributaria total (% de utilidades comerciales),IC.TAX.TOTL.CP.ZS,,,,,,,,,,,,,,,,,,,,,,,,,,,,,,,,,,,,,,,,,,,,,,,,,,,,,,,,,,,,,
Islas Caimán,CYM,Tasa tributaria total (% de utilidades comerciales),IC.TAX.TOTL.CP.ZS,,,,,,,,,,,,,,,,,,,,,,,,,,,,,,,,,,,,,,,,,,,,,,,,,,,,,,,,,,,,,
Chipre,CYP,Tasa tributaria total (% de utilidades comerciales),IC.TAX.TOTL.CP.ZS,,,,,,,,,,,,,,,,,,,,,,,,,,,,,,,,,,,,,,,,,,,,,,,,,20.6,20.6,21.7,21.6,21.6,21.9,22.5,24,24.2,22.7,22.2,22.4,
República Checa,CZE,Tasa tributaria total (% de utilidades comerciales),IC.TAX.TOTL.CP.ZS,,,,,,,,,,,,,,,,,,,,,,,,,,,,,,,,,,,,,,,,,,,,,,48.7,48.2,47.7,47.7,46.4,45.4,45.7,45.7,45.6,46.5,46.5,46.1,46.1,46.1,46.1,
Alemania,DEU,Tasa tributaria total (% de utilidades comerciales),IC.TAX.TOTL.CP.ZS,,,,,,,,,,,,,,,,,,,,,,,,,,,,,,,,,,,,,,,,,,,,,,47.7,47.4,49,49.4,43.9,47,45.6,45.9,49.1,48.8,48.8,48.9,48.9,49,48.8,
Djibouti,DJI,Tasa tributaria total (% de utilidades comerciales),IC.TAX.TOTL.CP.ZS,,,,,,,,,,,,,,,,,,,,,,,,,,,,,,,,,,,,,,,,,,,,,,37.8,37.8,37.8,37.8,37.8,38.1,38.1,38.1,37.6,37.6,37.6,37.7,37.9,37.9,37.9,
Dominica,DMA,Tasa tributaria total (% de utilidades comerciales),IC.TAX.TOTL.CP.ZS,,,,,,,,,,,,,,,,,,,,,,,,,,,,,,,,,,,,,,,,,,,,,,37,37,37,37,37,37,37.1,37.1,37,37,37,35.2,32.6,32.6,32.6,
Dinamarca,DNK,Tasa tributaria total (% de utilidades comerciales),IC.TAX.TOTL.CP.ZS,,,,,,,,,,,,,,,,,,,,,,,,,,,,,,,,,,,,,,,,,,,,,,32.6,30.8,31.3,28.5,27.6,27.5,25.7,26.3,25.6,25.4,23.9,24.4,23.8,23.8,23.8,
República Dominicana,DOM,Tasa tributaria total (% de utilidades comerciales),IC.TAX.TOTL.CP.ZS,,,,,,,,,,,,,,,,,,,,,,,,,,,,,,,,,,,,,,,,,,,,,,35.5,35.8,39.5,35.2,38.4,40.1,41.2,43.4,43.5,43.5,43.5,42.4,48.8,48.8,48.8,
Argelia,DZA,Tasa tributaria total (% de utilidades comerciales),IC.TAX.TOTL.CP.ZS,,,,,,,,,,,,,,,,,,,,,,,,,,,,,,,,,,,,,,,,,,,,,,76.9,76.9,74.2,74.2,72.5,72.5,72.5,72.4,72.3,73.2,73.2,66,66.1,66.1,66.1,
Asia oriental y el Pacífico (excluido altos ingresos),EAP,Tasa tributaria total (% de utilidades comerciales),IC.TAX.TOTL.CP.ZS,,,,,,,,,,,,,,,,,,,,,,,,,,,,,,,,,,,,,,,,,,,,,,36.8,36.7941176470588,36.8588235294118,35.1941176470588,32.9529411764706,32.3411764705882,32.7588235294118,32.8888888888889,34.255,33.99,33.825,34.13,33.85,33.705,33.76,
inicial del dividendo demográfico,EAR,Tasa tributaria total (% de utilidades comerciales),IC.TAX.TOTL.CP.ZS,,,,,,,,,,,,,,,,,,,,,,,,,,,,,,,,,,,,,,,,,,,,,,43.8320754716981,40.8245283018868,39.9,39.8222222222222,39.0796296296296,38.7259259259259,38.6092592592593,38.8517857142857,38.9475409836066,38.3327868852459,38.4032786885246,37.327868852459,37.6819672131148,37.6934426229508,38.1426229508197,
Asia oriental y el Pacífico,EAS,Tasa tributaria total (% de utilidades comerciales),IC.TAX.TOTL.CP.ZS,,,,,,,,,,,,,,,,,,,,,,,,,,,,,,,,,,,,,,,,,,,,,,37.8416666666667,37.544,37.652,36.716,34.588,33.528,33.768,33.6115384615385,35.0551724137931,34.8724137931034,34.5068965517241,34.7034482758621,34.5,34.4068965517241,34.5310344827586,
Europa y Asia central (excluido altos ingresos),ECA,Tasa tributaria total (% de utilidades comerciales),IC.TAX.TOTL.CP.ZS,,,,,,,,,,,,,,,,,,,,,,,,,,,,,,,,,,,,,,,,,,,,,,57.0058823529412,54.3722222222222,50.4777777777778,50.3388888888889,44.5578947368421,40.1263157894737,39.0842105263158,38.4526315789474,37.845,34.77,35.23,34.2,33.585,33.255,32.54,
Europa y Asia central,ECS,Tasa tributaria total (% de utilidades comerciales),IC.TAX.TOTL.CP.ZS,,,,,,,,,,,,,,,,,,,,,,,,,,,,,,,,,,,,,,,,,,,,,,50.4953488372093,48.2755555555556,46.5933333333333,45.5739130434783,42.9702127659574,41.1255319148936,40.336170212766,40.2916666666667,39.9163265306123,38.7183673469388,38.5877551020408,37.9142857142857,37.230612244898,36.686,36.486,
Ecuador,ECU,Tasa tributaria total (% de utilidades comerciales),IC.TAX.TOTL.CP.ZS,,,,,,,,,,,,,,,,,,,,,,,,,,,,,,,,,,,,,,,,,,,,,,35.2,35.2,35.2,34.8,34.8,35.2,34.4,34.4,33.5,32.8,32.8,32.5,32.5,32.3,34.4,
"Egipto, República Árabe de",EGY,Tasa tributaria total (% de utilidades comerciales),IC.TAX.TOTL.CP.ZS,,,,,,,,,,,,,,,,,,,,,,,,,,,,,,,,,,,,,,,,,,,,,,54.4,46.4,45.1,44,43,42.5,43.6,42.6,40.1,44.7,44.9,43.5,45.8,46.9,44.4,
Zona del Euro,EMU,Tasa tributaria total (% de utilidades comerciales),IC.TAX.TOTL.CP.ZS,,,,,,,,,,,,,,,,,,,,,,,,,,,,,,,,,,,,,,,,,,,,,,51.1125,47.8588235294118,47.4117647058823,44.9555555555556,44.2777777777778,44.2722222222222,43.2526315789474,43.8526315789474,43.9,44.3684210526316,43.6315789473684,43.4684210526316,42.4842105263158,42.5789473684211,42.8421052631579,
Eritrea,ERI,Tasa tributaria total (% de utilidades comerciales),IC.TAX.TOTL.CP.ZS,,,,,,,,,,,,,,,,,,,,,,,,,,,,,,,,,,,,,,,,,,,,,,84.5,84.5,84.5,84.5,84.5,84.5,84.5,84.5,83.7,83.7,83.7,83.7,83.7,83.7,83.7,
España,ESP,Tasa tributaria total (% de utilidades comerciales),IC.TAX.TOTL.CP.ZS,,,,,,,,,,,,,,,,,,,,,,,,,,,,,,,,,,,,,,,,,,,,,,60.4,60.5,60.7,58.8,55.8,55.3,37.6,37.6,56.9,57.9,49.8,48.7,46.9,47,47,
Estonia,EST,Tasa tributaria total (% de utilidades comerciales),IC.TAX.TOTL.CP.ZS,,,,,,,,,,,,,,,,,,,,,,,,,,,,,,,,,,,,,,,,,,,,,,50.4,49.2,48.5,48,48.2,48.7,57.7,66.6,49.6,49.2,49.2,48.5,48.5,48.5,47.8,
Etiopía,ETH,Tasa tributaria total (% de utilidades comerciales),IC.TAX.TOTL.CP.ZS,,,,,,,,,,,,,,,,,,,,,,,,,,,,,,,,,,,,,,,,,,,,,,29.1,29.1,29.1,29.1,29.1,29.1,29.1,33.2,35,35.7,36.9,37.7,37.7,37.7,37.7,
Unión Europea,EUU,Tasa tributaria total (% de utilidades comerciales),IC.TAX.TOTL.CP.ZS,,,,,,,,,,,,,,,,,,,,,,,,,,,,,,,,,,,,,,,,,,,,,,48.825,46.136,45.584,43.8769230769231,43.0846153846154,42.7115384615385,41.8222222222222,42.2074074074074,42.0814814814815,42.2444444444444,41.7037037037037,41.4851851851852,40.7703703703704,40.637037037037,40.0185185185185,
Frágiles y situaciones de conflicto afectados,FCS,Tasa tributaria total (% de utilidades comerciales),IC.TAX.TOTL.CP.ZS,,,,,,,,,,,,,,,,,,,,,,,,,,,,,,,,,,,,,,,,,,,,,,82.9068965517241,80.7,81.3833333333334,80.1866666666667,78.0193548387097,75.0451612903226,65.9612903225806,62.8735294117647,53.8085714285714,47.3942857142857,47.6485714285714,48.1942857142857,49.0542857142857,49.3314285714286,49.4228571428571,
Finlandia,FIN,Tasa tributaria total (% de utilidades comerciales),IC.TAX.TOTL.CP.ZS,,,,,,,,,,,,,,,,,,,,,,,,,,,,,,,,,,,,,,,,,,,,,,49.5,47.7,47.8,47.8,47.7,40.8,39.1,40.6,39.9,40.1,37.9,38.1,38.4,37.3,36.6,
Fiji,FJI,Tasa tributaria total (% de utilidades comerciales),IC.TAX.TOTL.CP.ZS,,,,,,,,,,,,,,,,,,,,,,,,,,,,,,,,,,,,,,,,,,,,,,41.5,41.5,41.5,41.5,41.2,39.3,38.3,37.6,31.1,31.1,31.1,33.1,32,32.2,32.1,
Francia,FRA,Tasa tributaria total (% de utilidades comerciales),IC.TAX.TOTL.CP.ZS,,,,,,,,,,,,,,,,,,,,,,,,,,,,,,,,,,,,,,,,,,,,,,68.3,68.2,68.3,67.7,68,68,68,69.7,69.8,71.3,64.9,64.1,62.6,60.4,60.7,
Islas Feroe,FRO,Tasa tributaria total (% de utilidades comerciales),IC.TAX.TOTL.CP.ZS,,,,,,,,,,,,,,,,,,,,,,,,,,,,,,,,,,,,,,,,,,,,,,,,,,,,,,,,,,,,,
Micronesia (Estados Federados de),FSM,Tasa tributaria total (% de utilidades comerciales),IC.TAX.TOTL.CP.ZS,,,,,,,,,,,,,,,,,,,,,,,,,,,,,,,,,,,,,,,,,,,,,,59.6,59.6,58.7,58.7,58.7,58.7,59,59.9,60,60.5,60.5,60.5,60.5,60.5,60.5,
Gabón,GAB,Tasa tributaria total (% de utilidades comerciales),IC.TAX.TOTL.CP.ZS,,,,,,,,,,,,,,,,,,,,,,,,,,,,,,,,,,,,,,,,,,,,,,46,45.7,45.7,45.7,45.7,44.4,44.4,44.4,44.2,41.7,46.8,46.8,46.8,47.1,47.1,
Reino Unido,GBR,Tasa tributaria total (% de utilidades comerciales),IC.TAX.TOTL.CP.ZS,,,,,,,,,,,,,,,,,,,,,,,,,,,,,,,,,,,,,,,,,,,,,,34.7,34.6,34.6,34.2,34.9,36.1,36.2,35,34.7,33.5,32,30.9,30.7,30,30.6,
Georgia,GEO,Tasa tributaria total (% de utilidades comerciales),IC.TAX.TOTL.CP.ZS,,,,,,,,,,,,,,,,,,,,,,,,,,,,,,,,,,,,,,,,,,,,,,57,38.6,38.6,38.6,15.3,15.3,16.5,16.5,16.4,16.4,16.4,16.4,16.4,9.9,9.9,
Ghana,GHA,Tasa tributaria total (% de utilidades comerciales),IC.TAX.TOTL.CP.ZS,,,,,,,,,,,,,,,,,,,,,,,,,,,,,,,,,,,,,,,,,,,,,,39.1,35.3,32.1,31.9,31.9,31.9,32.9,32.8,32.7,32.7,32.7,32.7,33.2,32.4,55.4,
Gibraltar,GIB,Tasa tributaria total (% de utilidades comerciales),IC.TAX.TOTL.CP.ZS,,,,,,,,,,,,,,,,,,,,,,,,,,,,,,,,,,,,,,,,,,,,,,,,,,,,,,,,,,,,,
Guinea,GIN,Tasa tributaria total (% de utilidades comerciales),IC.TAX.TOTL.CP.ZS,,,,,,,,,,,,,,,,,,,,,,,,,,,,,,,,,,,,,,,,,,,,,,71.6,71.6,71.6,71.6,71.6,78.7,83.1,83.1,61.4,61.4,61.4,61.4,61.4,61.4,69.3,
Gambia,GMB,Tasa tributaria total (% de utilidades comerciales),IC.TAX.TOTL.CP.ZS,,,,,,,,,,,,,,,,,,,,,,,,,,,,,,,,,,,,,,,,,,,,,,279.9,285.9,285.9,285.9,285.9,285.9,277.1,277.1,272.1,60.1,51.3,51.3,51.3,56.6,48.4,
Guinea-Bissau,GNB,Tasa tributaria total (% de utilidades comerciales),IC.TAX.TOTL.CP.ZS,,,,,,,,,,,,,,,,,,,,,,,,,,,,,,,,,,,,,,,,,,,,,,54.2,45.9,45.9,45.9,45.9,45.9,45.9,45.9,45.5,45.5,45.5,45.5,45.5,45.5,45.5,
Guinea Ecuatorial,GNQ,Tasa tributaria total (% de utilidades comerciales),IC.TAX.TOTL.CP.ZS,,,,,,,,,,,,,,,,,,,,,,,,,,,,,,,,,,,,,,,,,,,,,,47.1,47.1,47.1,47.1,47.1,47.1,47.1,47.1,47.1,47.1,47.1,79.4,79.4,79.4,79.4,
Grecia,GRC,Tasa tributaria total (% de utilidades comerciales),IC.TAX.TOTL.CP.ZS,,,,,,,,,,,,,,,,,,,,,,,,,,,,,,,,,,,,,,,,,,,,,,54,49.5,48.9,46.7,46.7,46.7,45.9,44.1,44,50.7,49.6,50.7,51.7,51.9,51.9,
Granada,GRD,Tasa tributaria total (% de utilidades comerciales),IC.TAX.TOTL.CP.ZS,,,,,,,,,,,,,,,,,,,,,,,,,,,,,,,,,,,,,,,,,,,,,,45.3,45.3,45.3,45.3,45.3,45.3,45.3,45.3,45.3,45.3,45.3,45.3,48.4,47.8,47.8,
Groenlandia,GRL,Tasa tributaria total (% de utilidades comerciales),IC.TAX.TOTL.CP.ZS,,,,,,,,,,,,,,,,,,,,,,,,,,,,,,,,,,,,,,,,,,,,,,,,,,,,,,,,,,,,,
Guatemala,GTM,Tasa tributaria total (% de utilidades comerciales),IC.TAX.TOTL.CP.ZS,,,,,,,,,,,,,,,,,,,,,,,,,,,,,,,,,,,,,,,,,,,,,,41.1,41.1,41.1,40.9,40.9,40.9,40.9,40.9,40.9,39.9,37.5,35.2,35.2,35.2,35.2,
Guam,GUM,Tasa tributaria total (% de utilidades comerciales),IC.TAX.TOTL.CP.ZS,,,,,,,,,,,,,,,,,,,,,,,,,,,,,,,,,,,,,,,,,,,,,,,,,,,,,,,,,,,,,
Guyana,GUY,Tasa tributaria total (% de utilidades comerciales),IC.TAX.TOTL.CP.ZS,,,,,,,,,,,,,,,,,,,,,,,,,,,,,,,,,,,,,,,,,,,,,,39,39,39,39,38.8,38.8,35.9,35.9,32,32.3,32.3,32.3,32.3,30.6,30.6,
Ingreso alto,HIC,Tasa tributaria total (% de utilidades comerciales),IC.TAX.TOTL.CP.ZS,,,,,,,,,,,,,,,,,,,,,,,,,,,,,,,,,,,,,,,,,,,,,,42.9106382978723,41.4734693877551,40.2115384615385,39.0264150943396,38.1716981132075,37.3867924528302,36.78,36.5785714285714,36.901724137931,37.2241379310345,36.8137931034483,36.6344827586207,36.3172413793104,36.1186440677966,36.2254237288136,
"Hong Kong, Región Administrativa Especial",HKG,Tasa tributaria total (% de utilidades comerciales),IC.TAX.TOTL.CP.ZS,,,,,,,,,,,,,,,,,,,,,,,,,,,,,,,,,,,,,,,,,,,,,,24.1,24.1,24.1,24.1,23,23,23,23,22.6,22.8,22.8,22.9,22.9,22.9,21.9,
Honduras,HND,Tasa tributaria total (% de utilidades comerciales),IC.TAX.TOTL.CP.ZS,,,,,,,,,,,,,,,,,,,,,,,,,,,,,,,,,,,,,,,,,,,,,,37.2,37.2,37.2,37.2,37.2,37.2,38.7,35.1,38.5,37.7,40.2,40.2,40.5,40.8,39.1,
Países pobres muy endeudados (PPME),HPC,Tasa tributaria total (% de utilidades comerciales),IC.TAX.TOTL.CP.ZS,,,,,,,,,,,,,,,,,,,,,,,,,,,,,,,,,,,,,,,,,,,,,,80.272972972973,82.228947368421,81.0184210526316,79.9763157894737,80.3052631578947,77.471052631579,65.1026315789474,65.021052631579,56.6394736842105,51.0973684210526,51.5131578947368,51.8815789473684,52.5105263157895,52.6684210526316,53.2868421052632,
Croacia,HRV,Tasa tributaria total (% de utilidades comerciales),IC.TAX.TOTL.CP.ZS,,,,,,,,,,,,,,,,,,,,,,,,,,,,,,,,,,,,,,,,,,,,,,20.8,20.8,20.8,20.8,20.8,21.5,21.3,21.2,19.3,18.4,20,20.9,20.6,20.5,20.5,
Haití,HTI,Tasa tributaria total (% de utilidades comerciales),IC.TAX.TOTL.CP.ZS,,,,,,,,,,,,,,,,,,,,,,,,,,,,,,,,,,,,,,,,,,,,,,40.4,40.4,40.4,40.4,40.4,40.4,40.4,40.4,40.3,40.3,40.3,40.3,42.8,42.7,42.7,
Hungría,HUN,Tasa tributaria total (% de utilidades comerciales),IC.TAX.TOTL.CP.ZS,,,,,,,,,,,,,,,,,,,,,,,,,,,,,,,,,,,,,,,,,,,,,,53.6,52.9,55.2,56.4,56.4,54.5,51.8,49.7,49.2,47.9,48.2,46.3,46.4,40.3,37.9,
Sólo BIRF,IBD,Tasa tributaria total (% de utilidades comerciales),IC.TAX.TOTL.CP.ZS,,,,,,,,,,,,,,,,,,,,,,,,,,,,,,,,,,,,,,,,,,,,,,47.6413793103448,46.5186440677966,45.7152542372881,44.7389830508474,43.1762711864407,42.6864406779661,42.5338983050847,41.1816666666667,42.1712121212121,42.2257575757576,42.0909090909091,41.8378787878788,41.95,42,41.7348484848485,
BIRF y la AIF,IBT,Tasa tributaria total (% de utilidades comerciales),IC.TAX.TOTL.CP.ZS,,,,,,,,,,,,,,,,,,,,,,,,,,,,,,,,,,,,,,,,,,,,,,56.68,55.7842519685039,54.9181102362205,54.0661417322835,52.6046875,51.11484375,47.25390625,46.4068702290076,43.9285714285714,42.0735714285714,42.1157142857143,42,42.2264285714286,42.2957142857143,42.3892857142857,
total de la AIF,IDA,Tasa tributaria total (% de utilidades comerciales),IC.TAX.TOTL.CP.ZS,,,,,,,,,,,,,,,,,,,,,,,,,,,,,,,,,,,,,,,,,,,,,,64.5044776119403,63.8235294117647,62.9029411764706,62.1588235294118,60.6666666666667,58.3217391304348,51.2898550724638,50.8225352112676,45.495945945946,41.9378378378378,42.1378378378378,42.1445945945946,42.472972972973,42.5594594594594,42.9729729729729,
mezcla de la AIF,IDB,Tasa tributaria total (% de utilidades comerciales),IC.TAX.TOTL.CP.ZS,,,,,,,,,,,,,,,,,,,,,,,,,,,,,,,,,,,,,,,,,,,,,,48.48,49.28,48.8666666666667,48.2866666666667,43.4,42.4533333333333,42.1666666666667,41.9066666666667,39.5941176470588,36.3411764705882,36.4941176470588,36.8941176470588,36.9,36.5235294117647,36.5647058823529,
Indonesia,IDN,Tasa tributaria total (% de utilidades comerciales),IC.TAX.TOTL.CP.ZS,,,,,,,,,,,,,,,,,,,,,,,,,,,,,,,,,,,,,,,,,,,,,,,,,,,,,,32.2,31.4,29.7,30.6,30,30.1,30.1,
Sólo AIF,IDX,Tasa tributaria total (% de utilidades comerciales),IC.TAX.TOTL.CP.ZS,,,,,,,,,,,,,,,,,,,,,,,,,,,,,,,,,,,,,,,,,,,,,,69.1269230769231,67.9396226415094,66.8754716981132,66.0849056603774,65.462962962963,62.7296296296296,53.8240740740741,53.2107142857143,47.2561403508772,43.6070175438597,43.821052631579,43.7105263157895,44.1350877192982,44.359649122807,44.8842105263158,
Isla de Man,IMN,Tasa tributaria total (% de utilidades comerciales),IC.TAX.TOTL.CP.ZS,,,,,,,,,,,,,,,,,,,,,,,,,,,,,,,,,,,,,,,,,,,,,,,,,,,,,,,,,,,,,
India,IND,Tasa tributaria total (% de utilidades comerciales),IC.TAX.TOTL.CP.ZS,,,,,,,,,,,,,,,,,,,,,,,,,,,,,,,,,,,,,,,,,,,,,,,,,,,,,,55.7,55.5,55.5,56.2,56.2,52.1,49.7,
No clasificado,INX,Tasa tributaria total (% de utilidades comerciales),IC.TAX.TOTL.CP.ZS,,,,,,,,,,,,,,,,,,,,,,,,,,,,,,,,,,,,,,,,,,,,,,,,,,,,,,,,,,,,,
Irlanda,IRL,Tasa tributaria total (% de utilidades comerciales),IC.TAX.TOTL.CP.ZS,,,,,,,,,,,,,,,,,,,,,,,,,,,,,,,,,,,,,,,,,,,,,,25.4,25.4,25.4,25.5,25.6,25.4,25.5,25.6,25.9,26,26,26,26,26,26.1,
"Irán, República Islámica del",IRN,Tasa tributaria total (% de utilidades comerciales),IC.TAX.TOTL.CP.ZS,,,,,,,,,,,,,,,,,,,,,,,,,,,,,,,,,,,,,,,,,,,,,,44.2,44.2,44.2,44.2,44.2,44.1,44.1,44.1,44.1,44.1,44.1,44.7,44.7,44.7,44.7,
Iraq,IRQ,Tasa tributaria total (% de utilidades comerciales),IC.TAX.TOTL.CP.ZS,,,,,,,,,,,,,,,,,,,,,,,,,,,,,,,,,,,,,,,,,,,,,,26.1,29.9,29.9,29.9,29.9,29.9,29.9,29.9,31.5,31.5,31.5,31.5,30.8,30.8,30.8,
Islandia,ISL,Tasa tributaria total (% de utilidades comerciales),IC.TAX.TOTL.CP.ZS,,,,,,,,,,,,,,,,,,,,,,,,,,,,,,,,,,,,,,,,,,,,,,26.8,26.8,26.3,26.1,24.4,26.4,30.3,31.1,30.3,30.3,30.1,30.1,29.9,30.6,31.9,
Israel,ISR,Tasa tributaria total (% de utilidades comerciales),IC.TAX.TOTL.CP.ZS,,,,,,,,,,,,,,,,,,,,,,,,,,,,,,,,,,,,,,,,,,,,,,35.5,34.8,32.9,30.1,28.3,27.5,26.8,25.6,26.4,26.7,27.9,28.1,27,26.2,25.3,
Italia,ITA,Tasa tributaria total (% de utilidades comerciales),IC.TAX.TOTL.CP.ZS,,,,,,,,,,,,,,,,,,,,,,,,,,,,,,,,,,,,,,,,,,,,,,76.7,75.3,75.3,72.5,67.6,67.6,67.6,67.6,65.6,65.2,64.8,62,48,53.1,59.1,
Jamaica,JAM,Tasa tributaria total (% de utilidades comerciales),IC.TAX.TOTL.CP.ZS,,,,,,,,,,,,,,,,,,,,,,,,,,,,,,,,,,,,,,,,,,,,,,47.9,47.9,47.9,47.9,47.9,46.7,46.6,46.6,46.5,41.1,35.3,33.1,33.1,35.1,35.1,
Jordania,JOR,Tasa tributaria total (% de utilidades comerciales),IC.TAX.TOTL.CP.ZS,,,,,,,,,,,,,,,,,,,,,,,,,,,,,,,,,,,,,,,,,,,,,,31.1,31.1,31.1,31.1,31.1,31.2,28.2,28.6,29.1,29,29.5,27.6,28.1,28.6,28.6,
Japón,JPN,Tasa tributaria total (% de utilidades comerciales),IC.TAX.TOTL.CP.ZS,,,,,,,,,,,,,,,,,,,,,,,,,,,,,,,,,,,,,,,,,,,,,,,,,,,,,,48.7,50.3,50.4,48.8,47.4,46.7,46.7,
Kazajstán,KAZ,Tasa tributaria total (% de utilidades comerciales),IC.TAX.TOTL.CP.ZS,,,,,,,,,,,,,,,,,,,,,,,,,,,,,,,,,,,,,,,,,,,,,,45,45,41.9,42,36.2,29.8,29,29,28.9,28.9,29.2,29.2,29.2,29.4,28.4,
Kenya,KEN,Tasa tributaria total (% de utilidades comerciales),IC.TAX.TOTL.CP.ZS,,,,,,,,,,,,,,,,,,,,,,,,,,,,,,,,,,,,,,,,,,,,,,49.8,49.8,49.3,49.3,49.3,49.3,48.9,43.7,37.4,37.1,37.1,37.4,37.4,37.2,37.2,
Kirguistán,KGZ,Tasa tributaria total (% de utilidades comerciales),IC.TAX.TOTL.CP.ZS,,,,,,,,,,,,,,,,,,,,,,,,,,,,,,,,,,,,,,,,,,,,,,68.3,67.4,61.7,61.7,59.4,30.6,33.4,33.4,29,29,29,29,29,29,29,
Camboya,KHM,Tasa tributaria total (% de utilidades comerciales),IC.TAX.TOTL.CP.ZS,,,,,,,,,,,,,,,,,,,,,,,,,,,,,,,,,,,,,,,,,,,,,,21.5,21.5,21.5,21.5,22.6,22.6,22.6,22.6,21,21,21,21,21.7,21.7,23.1,
Kiribati,KIR,Tasa tributaria total (% de utilidades comerciales),IC.TAX.TOTL.CP.ZS,,,,,,,,,,,,,,,,,,,,,,,,,,,,,,,,,,,,,,,,,,,,,,31.8,31.8,31.8,31.8,31.8,31.8,31.8,31.8,32.7,32.7,32.7,32.7,32.7,32.7,32.7,
Saint Kitts y Nevis,KNA,Tasa tributaria total (% de utilidades comerciales),IC.TAX.TOTL.CP.ZS,,,,,,,,,,,,,,,,,,,,,,,,,,,,,,,,,,,,,,,,,,,,,,52.3,52.3,52.5,52.5,52.5,52.5,52.5,51.9,51.6,49.7,49.7,49.7,49.7,49.7,49.7,
"Corea, República de",KOR,Tasa tributaria total (% de utilidades comerciales),IC.TAX.TOTL.CP.ZS,,,,,,,,,,,,,,,,,,,,,,,,,,,,,,,,,,,,,,,,,,,,,,36.8,32.5,31.6,33.9,32.3,30.2,34.1,34,33.4,33.2,33.2,33.1,33.1,33.1,33.2,
Kuwait,KWT,Tasa tributaria total (% de utilidades comerciales),IC.TAX.TOTL.CP.ZS,,,,,,,,,,,,,,,,,,,,,,,,,,,,,,,,,,,,,,,,,,,,,,10.7,10.7,10.7,10.7,10.7,10.7,10.7,12.4,12.4,12.8,13,13,13,13,13,
América Latina y el Caribe (excluido altos ingresos),LAC,Tasa tributaria total (% de utilidades comerciales),IC.TAX.TOTL.CP.ZS,,,,,,,,,,,,,,,,,,,,,,,,,,,,,,,,,,,,,,,,,,,,,,48.9045454545455,48.3909090909091,48.3045454545455,47.7909090909091,48.0590909090909,47.6045454545455,47.9,47.8545454545455,49.4875,49.8416666666667,49.3333333333333,47.45,48.1,48.2375,48.2833333333333,
República Democrática Popular Lao,LAO,Tasa tributaria total (% de utilidades comerciales),IC.TAX.TOTL.CP.ZS,,,,,,,,,,,,,,,,,,,,,,,,,,,,,,,,,,,,,,,,,,,,,,35.2,35.2,35.2,33.5,31.4,31.4,31.4,31.4,26.3,25.8,25.3,26.2,26.2,24.1,24.1,
Líbano,LBN,Tasa tributaria total (% de utilidades comerciales),IC.TAX.TOTL.CP.ZS,,,,,,,,,,,,,,,,,,,,,,,,,,,,,,,,,,,,,,,,,,,,,,35.4,35.4,35.4,30.6,30.6,30.6,30.6,30.6,30,30.3,30.3,30.3,30.3,31.1,32.2,
Liberia,LBR,Tasa tributaria total (% de utilidades comerciales),IC.TAX.TOTL.CP.ZS,,,,,,,,,,,,,,,,,,,,,,,,,,,,,,,,,,,,,,,,,,,,,,,42.5,42.2,42.5,42.5,42.5,42.5,25.3,26.9,31.4,47.7,45.5,45.5,45.5,46.2,
Libia,LBY,Tasa tributaria total (% de utilidades comerciales),IC.TAX.TOTL.CP.ZS,,,,,,,,,,,,,,,,,,,,,,,,,,,,,,,,,,,,,,,,,,,,,,,,,,,,,32.6,32.6,32.6,32.6,32.6,32.6,32.6,32.6,
Santa Lucía,LCA,Tasa tributaria total (% de utilidades comerciales),IC.TAX.TOTL.CP.ZS,,,,,,,,,,,,,,,,,,,,,,,,,,,,,,,,,,,,,,,,,,,,,,35.7,34,34,34,34.4,34,34.4,34.6,34.7,34.7,34.7,34.7,34.7,34.7,34.7,
América Latina y el Caribe,LCN,Tasa tributaria total (% de utilidades comerciales),IC.TAX.TOTL.CP.ZS,,,,,,,,,,,,,,,,,,,,,,,,,,,,,,,,,,,,,,,,,,,,,,48.8620689655172,48.3379310344827,47.9333333333333,46.7266666666667,46.7033333333333,46.4166666666667,46.1612903225806,45.6935483870968,46.9969696969697,47.5484848484848,47.0363636363636,45.6272727272727,46.2242424242424,46.4878787878788,46.630303030303,
Países menos desarrollados: clasificación de las Naciones Unidas,LDC,Tasa tributaria total (% de utilidades comerciales),IC.TAX.TOTL.CP.ZS,,,,,,,,,,,,,,,,,,,,,,,,,,,,,,,,,,,,,,,,,,,,,,75.3975609756098,73.8619047619048,72.8166666666667,71.4642857142857,71.2261904761905,68.6571428571429,57.1333333333333,56.0613636363637,48.2933333333333,43.6777777777778,43.8,43.9977777777778,44.5377777777778,44.82,45.1422222222222,
Países de ingreso bajo,LIC,Tasa tributaria total (% de utilidades comerciales),IC.TAX.TOTL.CP.ZS,,,,,,,,,,,,,,,,,,,,,,,,,,,,,,,,,,,,,,,,,,,,,,89.8259259259259,87.6535714285714,86.2535714285714,85.2392857142857,85.6928571428572,82.9357142857143,65.6964285714286,64.3586206896552,53.0551724137931,45.6310344827586,45.8448275862069,45.7448275862069,46.6827586206897,47.1206896551724,47.3724137931035,
Liechtenstein,LIE,Tasa tributaria total (% de utilidades comerciales),IC.TAX.TOTL.CP.ZS,,,,,,,,,,,,,,,,,,,,,,,,,,,,,,,,,,,,,,,,,,,,,,,,,,,,,,,,,,,21.6,21.6,
Sri Lanka,LKA,Tasa tributaria total (% de utilidades comerciales),IC.TAX.TOTL.CP.ZS,,,,,,,,,,,,,,,,,,,,,,,,,,,,,,,,,,,,,,,,,,,,,,56.7,59.8,61.7,61.7,61.7,96.6,112.9,55.3,57,55.4,55.2,55.2,55.2,55.2,55.2,
Países de ingreso mediano bajo,LMC,Tasa tributaria total (% de utilidades comerciales),IC.TAX.TOTL.CP.ZS,,,,,,,,,,,,,,,,,,,,,,,,,,,,,,,,,,,,,,,,,,,,,,50.4853658536585,49.9634146341463,49.3853658536585,48.8048780487805,46.9512195121951,44.9756097560976,45.2853658536585,44.7285714285714,43.8021276595745,42.8042553191489,42.736170212766,42.7234042553192,42.4765957446809,42.3127659574468,42.7702127659574,
Ingreso mediano y bajo,LMY,Tasa tributaria total (% de utilidades comerciales),IC.TAX.TOTL.CP.ZS,,,,,,,,,,,,,,,,,,,,,,,,,,,,,,,,,,,,,,,,,,,,,,57.2336206896552,56.2559322033898,55.3516949152542,54.6694915254237,53.1932773109244,51.6294117647059,47.618487394958,46.7344262295082,44.0923664122138,42.0664122137405,42.0839694656489,41.9419847328244,42.1412213740458,42.1709923664122,42.2564885496183,
Lesotho,LSO,Tasa tributaria total (% de utilidades comerciales),IC.TAX.TOTL.CP.ZS,,,,,,,,,,,,,,,,,,,,,,,,,,,,,,,,,,,,,,,,,,,,,,20.1,20.1,15.9,14.2,14.2,14.2,14,13.8,13.6,13.6,13.6,13.6,13.6,13.6,13.6,
avanzada del dividendo demográfico,LTE,Tasa tributaria total (% de utilidades comerciales),IC.TAX.TOTL.CP.ZS,,,,,,,,,,,,,,,,,,,,,,,,,,,,,,,,,,,,,,,,,,,,,,42.9925,41.752380952381,40.4886363636364,39.0488888888889,37.2688888888889,36.4822222222222,36.7688888888889,35.1822222222222,36.1916666666667,36.1479166666667,35.7875,35.7770833333333,35.7979166666667,35.7354166666667,35.2458333333333,
Lituania,LTU,Tasa tributaria total (% de utilidades comerciales),IC.TAX.TOTL.CP.ZS,,,,,,,,,,,,,,,,,,,,,,,,,,,,,,,,,,,,,,,,,,,,,,51.2,47.6,46.2,45.6,43.6,45.1,43.1,43,42.9,42.4,42.6,42.6,42.7,42.6,42.6,
Luxemburgo,LUX,Tasa tributaria total (% de utilidades comerciales),IC.TAX.TOTL.CP.ZS,,,,,,,,,,,,,,,,,,,,,,,,,,,,,,,,,,,,,,,,,,,,,,,20.4,20,20,20,20,19.8,20,20.4,20.6,20.6,20.8,20.5,20.5,20.4,
Letonia,LVA,Tasa tributaria total (% de utilidades comerciales),IC.TAX.TOTL.CP.ZS,,,,,,,,,,,,,,,,,,,,,,,,,,,,,,,,,,,,,,,,,,,,,,36.2,36.2,36.2,36.6,37.5,37.5,37,35.8,35,35,35.9,35.9,35.9,36,38.1,
"Región Administrativa Especial de Macao, China",MAC,Tasa tributaria total (% de utilidades comerciales),IC.TAX.TOTL.CP.ZS,,,,,,,,,,,,,,,,,,,,,,,,,,,,,,,,,,,,,,,,,,,,,,,,,,,,,,,,,,,,,
Isla de San Martín (parte francesa),MAF,Tasa tributaria total (% de utilidades comerciales),IC.TAX.TOTL.CP.ZS,,,,,,,,,,,,,,,,,,,,,,,,,,,,,,,,,,,,,,,,,,,,,,,,,,,,,,,,,,,,,
Marruecos,MAR,Tasa tributaria total (% de utilidades comerciales),IC.TAX.TOTL.CP.ZS,,,,,,,,,,,,,,,,,,,,,,,,,,,,,,,,,,,,,,,,,,,,,,51.7,51.7,52.9,52.9,49.4,49.7,49.7,49.7,48.8,49,49.1,49.3,49.8,49.8,45.8,
Mónaco,MCO,Tasa tributaria total (% de utilidades comerciales),IC.TAX.TOTL.CP.ZS,,,,,,,,,,,,,,,,,,,,,,,,,,,,,,,,,,,,,,,,,,,,,,,,,,,,,,,,,,,,,
República de Moldova,MDA,Tasa tributaria total (% de utilidades comerciales),IC.TAX.TOTL.CP.ZS,,,,,,,,,,,,,,,,,,,,,,,,,,,,,,,,,,,,,,,,,,,,,,47.5,45.5,42.5,42,31,30.4,30.8,30.8,39.4,39.4,39.9,40.4,40.5,40.3,38.7,
Madagascar,MDG,Tasa tributaria total (% de utilidades comerciales),IC.TAX.TOTL.CP.ZS,,,,,,,,,,,,,,,,,,,,,,,,,,,,,,,,,,,,,,,,,,,,,,45.3,45,45,47.1,42.8,42,41.2,39.8,38.9,38.1,38.1,38.1,38.1,38.3,38.3,
Maldivas,MDV,Tasa tributaria total (% de utilidades comerciales),IC.TAX.TOTL.CP.ZS,,,,,,,,,,,,,,,,,,,,,,,,,,,,,,,,,,,,,,,,,,,,,,9.3,9.3,9.3,9.3,9.3,9.3,9.3,25.9,30.2,30.2,30.2,30.2,30.2,30.2,30.2,
Oriente Medio y Norte de África,MEA,Tasa tributaria total (% de utilidades comerciales),IC.TAX.TOTL.CP.ZS,,,,,,,,,,,,,,,,,,,,,,,,,,,,,,,,,,,,,,,,,,,,,,45.6764705882353,36.4941176470588,33.7736842105263,33.0263157894737,32.7578947368421,32.6578947368421,32.245,32.247619047619,31.8714285714286,32.2619047619048,32.3380952380952,32.0571428571429,32.347619047619,32.4095238095238,32.1333333333333,
México,MEX,Tasa tributaria total (% de utilidades comerciales),IC.TAX.TOTL.CP.ZS,,,,,,,,,,,,,,,,,,,,,,,,,,,,,,,,,,,,,,,,,,,,,,,,,,,,,,53.1,53.4,53.5,52.9,53.4,55.7,55.1,
Islas Marshall,MHL,Tasa tributaria total (% de utilidades comerciales),IC.TAX.TOTL.CP.ZS,,,,,,,,,,,,,,,,,,,,,,,,,,,,,,,,,,,,,,,,,,,,,,64.8,64.8,64.8,64.8,64.8,64.8,64.8,64.8,64.8,64.8,64.8,64.8,64.8,65.7,65.9,
 Ingreso mediano,MIC,Tasa tributaria total (% de utilidades comerciales),IC.TAX.TOTL.CP.ZS,,,,,,,,,,,,,,,,,,,,,,,,,,,,,,,,,,,,,,,,,,,,,,47.3460674157303,46.4877777777778,45.7377777777778,45.1588888888889,43.1934065934066,41.9967032967033,42.056043956044,41.2387096774194,41.5441176470588,41.0529411764706,41.0147058823529,40.8607843137255,40.85,40.7637254901961,40.8019607843137,
Macedonia del Norte,MKD,Tasa tributaria total (% de utilidades comerciales),IC.TAX.TOTL.CP.ZS,,,,,,,,,,,,,,,,,,,,,,,,,,,,,,,,,,,,,,,,,,,,,,17.8,17.8,17.8,15.4,13,8.1,7.5,7.4,7.4,8.3,13,13,13,13,13,
Malí,MLI,Tasa tributaria total (% de utilidades comerciales),IC.TAX.TOTL.CP.ZS,,,,,,,,,,,,,,,,,,,,,,,,,,,,,,,,,,,,,,,,,,,,,,51.4,51.4,51.4,51.4,51.4,51.4,51.1,51.1,48.3,48.3,48.3,48.3,48.3,48.3,54.5,
Malta,MLT,Tasa tributaria total (% de utilidades comerciales),IC.TAX.TOTL.CP.ZS,,,,,,,,,,,,,,,,,,,,,,,,,,,,,,,,,,,,,,,,,,,,,,,,,,,,41.4,41.4,41.4,41.5,41.5,43.8,43.9,44,44,
Myanmar,MMR,Tasa tributaria total (% de utilidades comerciales),IC.TAX.TOTL.CP.ZS,,,,,,,,,,,,,,,,,,,,,,,,,,,,,,,,,,,,,,,,,,,,,,,,,,,,,39.5,35.4,34,33.1,31.9,31.2,31.2,31.2,
Oriente Medio y Norte de África (excluido altos ingresos),MNA,Tasa tributaria total (% de utilidades comerciales),IC.TAX.TOTL.CP.ZS,,,,,,,,,,,,,,,,,,,,,,,,,,,,,,,,,,,,,,,,,,,,,,56.7916666666667,43.8,43.4583333333333,42.5083333333333,42.25,42.2583333333333,40.8666666666667,40.1076923076923,39.3769230769231,39.9538461538462,39.8153846153846,39.0769230769231,39.6,39.4846153846154,39.1076923076923,
Montenegro,MNE,Tasa tributaria total (% de utilidades comerciales),IC.TAX.TOTL.CP.ZS,,,,,,,,,,,,,,,,,,,,,,,,,,,,,,,,,,,,,,,,,,,,,,,33.2,33.2,33.8,30.1,29.2,24.6,21.8,21.8,21.8,21.8,22.2,22.1,22.2,22.2,
Mongolia,MNG,Tasa tributaria total (% de utilidades comerciales),IC.TAX.TOTL.CP.ZS,,,,,,,,,,,,,,,,,,,,,,,,,,,,,,,,,,,,,,,,,,,,,,40,40,40,33.9,24.4,24.7,24.7,24.9,24.8,24.7,24.7,24.7,24.7,24.7,25.7,
Mariana,MNP,Tasa tributaria total (% de utilidades comerciales),IC.TAX.TOTL.CP.ZS,,,,,,,,,,,,,,,,,,,,,,,,,,,,,,,,,,,,,,,,,,,,,,,,,,,,,,,,,,,,,
Mozambique,MOZ,Tasa tributaria total (% de utilidades comerciales),IC.TAX.TOTL.CP.ZS,,,,,,,,,,,,,,,,,,,,,,,,,,,,,,,,,,,,,,,,,,,,,,37,37,37,37,37,37,37,37,36.1,36.1,36.1,36.1,36.1,36.1,36.1,
Mauritania,MRT,Tasa tributaria total (% de utilidades comerciales),IC.TAX.TOTL.CP.ZS,,,,,,,,,,,,,,,,,,,,,,,,,,,,,,,,,,,,,,,,,,,,,,85.8,85.8,85.8,77,77,59.3,59.3,59.3,52.7,67,67,67,67,67,67,
Mauricio,MUS,Tasa tributaria total (% de utilidades comerciales),IC.TAX.TOTL.CP.ZS,,,,,,,,,,,,,,,,,,,,,,,,,,,,,,,,,,,,,,,,,,,,,,26.2,26,24.2,25.8,26,26.5,28.3,26.9,23.6,23.6,21.5,21.8,21.9,22.1,22.2,
Malawi,MWI,Tasa tributaria total (% de utilidades comerciales),IC.TAX.TOTL.CP.ZS,,,,,,,,,,,,,,,,,,,,,,,,,,,,,,,,,,,,,,,,,,,,,,33.4,33.4,33,32.2,26.3,25.9,29,32.4,33.5,35.2,34.5,34.5,34.5,34.5,34.5,
Malasia,MYS,Tasa tributaria total (% de utilidades comerciales),IC.TAX.TOTL.CP.ZS,,,,,,,,,,,,,,,,,,,,,,,,,,,,,,,,,,,,,,,,,,,,,,36,36,36,34.5,33.5,33.9,34.1,34.6,39.1,39.3,40,40,39.2,39.2,38.7,
América del Norte,NAC,Tasa tributaria total (% de utilidades comerciales),IC.TAX.TOTL.CP.ZS,,,,,,,,,,,,,,,,,,,,,,,,,,,,,,,,,,,,,,,,,,,,,,47.5,45,44.3,44.1,42.3,22,20.7,20.1,31.85,32.45,32.5,32.5,32.35,32.15,30.55,
Namibia,NAM,Tasa tributaria total (% de utilidades comerciales),IC.TAX.TOTL.CP.ZS,,,,,,,,,,,,,,,,,,,,,,,,,,,,,,,,,,,,,,,,,,,,,,25.8,25.8,25.8,22.8,22.3,22.3,21.8,21.8,21.2,20.7,21.3,20.7,20.7,20.7,20.7,
Nueva Caledonia,NCL,Tasa tributaria total (% de utilidades comerciales),IC.TAX.TOTL.CP.ZS,,,,,,,,,,,,,,,,,,,,,,,,,,,,,,,,,,,,,,,,,,,,,,,,,,,,,,,,,,,,,
Níger,NER,Tasa tributaria total (% de utilidades comerciales),IC.TAX.TOTL.CP.ZS,,,,,,,,,,,,,,,,,,,,,,,,,,,,,,,,,,,,,,,,,,,,,,42.5,42.5,42.6,42.5,46.7,46.7,44.3,44.3,47.3,47.3,48.1,48.1,47.2,47.2,47.2,
Nigeria,NGA,Tasa tributaria total (% de utilidades comerciales),IC.TAX.TOTL.CP.ZS,,,,,,,,,,,,,,,,,,,,,,,,,,,,,,,,,,,,,,,,,,,,,,,,,,,,,,33,33,33.9,34.9,34.8,34.8,34.8,
Nicaragua,NIC,Tasa tributaria total (% de utilidades comerciales),IC.TAX.TOTL.CP.ZS,,,,,,,,,,,,,,,,,,,,,,,,,,,,,,,,,,,,,,,,,,,,,,63.5,63.5,63.5,63.3,63.3,63.3,64.1,62.4,62.4,59.3,60.1,59.8,60.2,60.6,60.6,
Países Bajos,NLD,Tasa tributaria total (% de utilidades comerciales),IC.TAX.TOTL.CP.ZS,,,,,,,,,,,,,,,,,,,,,,,,,,,,,,,,,,,,,,,,,,,,,,47.7,44.6,41.8,38.2,38.5,39.4,39.6,39.2,39.5,39,41,40.4,40.7,40.8,41.2,
Noruega,NOR,Tasa tributaria total (% de utilidades comerciales),IC.TAX.TOTL.CP.ZS,,,,,,,,,,,,,,,,,,,,,,,,,,,,,,,,,,,,,,,,,,,,,,41.1,41.1,41.1,40.7,40.7,40.7,40.7,40.7,40.7,40.4,39.5,39.5,37.7,37,36.2,
Nepal,NPL,Tasa tributaria total (% de utilidades comerciales),IC.TAX.TOTL.CP.ZS,,,,,,,,,,,,,,,,,,,,,,,,,,,,,,,,,,,,,,,,,,,,,,32.5,32.5,32.8,34.1,32.5,31.7,31.5,31.5,29.9,29.9,29.9,29.9,30,37,41.8,
Nauru,NRU,Tasa tributaria total (% de utilidades comerciales),IC.TAX.TOTL.CP.ZS,,,,,,,,,,,,,,,,,,,,,,,,,,,,,,,,,,,,,,,,,,,,,,,,,,,,,,,,,,,,,
Nueva Zelandia,NZL,Tasa tributaria total (% de utilidades comerciales),IC.TAX.TOTL.CP.ZS,,,,,,,,,,,,,,,,,,,,,,,,,,,,,,,,,,,,,,,,,,,,,,36.6,35.4,35.5,36,33.2,34.7,34.4,34,34.4,34.4,34.3,34.3,34.5,34.6,34.6,
Miembros OCDE,OED,Tasa tributaria total (% de utilidades comerciales),IC.TAX.TOTL.CP.ZS,,,,,,,,,,,,,,,,,,,,,,,,,,,,,,,,,,,,,,,,,,,,,,45.665625,43.7121212121212,43.3666666666667,42.7909090909091,41.9151515151515,41.1121212121212,40.5393939393939,40.8727272727273,41.4444444444444,41.6666666666667,41.2277777777778,40.9777777777778,40.4055555555556,40.3222222222222,40.3472222222222,
Omán,OMN,Tasa tributaria total (% de utilidades comerciales),IC.TAX.TOTL.CP.ZS,,,,,,,,,,,,,,,,,,,,,,,,,,,,,,,,,,,,,,,,,,,,,,19.5,20.3,21.6,21.6,21.6,21.6,22,22,23,22.9,23.4,23.9,23.9,27.4,27.4,
Otros Estados pequeos,OSS,Tasa tributaria total (% de utilidades comerciales),IC.TAX.TOTL.CP.ZS,,,,,,,,,,,,,,,,,,,,,,,,,,,,,,,,,,,,,,,,,,,,,,59.678947368421,57.1809523809524,53.0260869565217,50.8083333333333,49.1125,47.55,46.9,47.35,46.3692307692308,38.2576923076923,37.75,38.8730769230769,38.8538461538461,39.2461538461539,39.2423076923077,
Pakistán,PAK,Tasa tributaria total (% de utilidades comerciales),IC.TAX.TOTL.CP.ZS,,,,,,,,,,,,,,,,,,,,,,,,,,,,,,,,,,,,,,,,,,,,,,,,,,,,,,32.4,32.6,32.9,33.4,33.9,34.1,33.9,
Panamá,PAN,Tasa tributaria total (% de utilidades comerciales),IC.TAX.TOTL.CP.ZS,,,,,,,,,,,,,,,,,,,,,,,,,,,,,,,,,,,,,,,,,,,,,,43.9,44.1,44.7,43.8,43.8,43.8,43.6,40.5,37,37.2,37.2,37.2,37.2,37.2,37.2,
Perú,PER,Tasa tributaria total (% de utilidades comerciales),IC.TAX.TOTL.CP.ZS,,,,,,,,,,,,,,,,,,,,,,,,,,,,,,,,,,,,,,,,,,,,,,38.9,38.8,38.8,39.1,38.2,38.2,37.6,37.4,37.4,37.3,37.3,35.6,35.6,36.8,36.8,
Filipinas,PHL,Tasa tributaria total (% de utilidades comerciales),IC.TAX.TOTL.CP.ZS,,,,,,,,,,,,,,,,,,,,,,,,,,,,,,,,,,,,,,,,,,,,,,47.2,47.6,49.1,47.1,47.1,43.8,44.5,44.5,42.5,42.5,42.9,42.9,42.9,42.9,43.1,
Palau,PLW,Tasa tributaria total (% de utilidades comerciales),IC.TAX.TOTL.CP.ZS,,,,,,,,,,,,,,,,,,,,,,,,,,,,,,,,,,,,,,,,,,,,,,72.5,72.5,72.5,72.5,72.5,72.5,72.5,75.2,75,75.4,75.4,75.5,75.5,75.8,76.6,
Papua Nueva Guinea,PNG,Tasa tributaria total (% de utilidades comerciales),IC.TAX.TOTL.CP.ZS,,,,,,,,,,,,,,,,,,,,,,,,,,,,,,,,,,,,,,,,,,,,,,41.5,41.5,41.5,41.5,42.1,42.1,42.1,42.1,39.3,39.3,39.3,39.3,39.3,39.3,37.1,
Polonia,POL,Tasa tributaria total (% de utilidades comerciales),IC.TAX.TOTL.CP.ZS,,,,,,,,,,,,,,,,,,,,,,,,,,,,,,,,,,,,,,,,,,,,,,43.2,43.2,43.4,45.1,42.2,40.6,40.1,40.3,40.1,40.1,40.3,40.4,40.5,40.7,40.8,
previa al dividendo demográfico,PRE,Tasa tributaria total (% de utilidades comerciales),IC.TAX.TOTL.CP.ZS,,,,,,,,,,,,,,,,,,,,,,,,,,,,,,,,,,,,,,,,,,,,,,84.0515151515152,86.3411764705882,85.185294117647,83.5705882352941,83.3705882352941,80.5705882352941,66.75,65.3057142857143,55.5194444444444,49.75,49.9888888888889,51.35,51.9138888888889,52.1277777777778,52.3583333333333,
Puerto Rico,PRI,Tasa tributaria total (% de utilidades comerciales),IC.TAX.TOTL.CP.ZS,,,,,,,,,,,,,,,,,,,,,,,,,,,,,,,,,,,,,,,,,,,,,,57.6,57.6,57.6,60.6,60.6,63.6,63.1,50.4,49.6,66,67,64.4,64.4,64.4,64.4,
"Corea, República Popular Democrática de",PRK,Tasa tributaria total (% de utilidades comerciales),IC.TAX.TOTL.CP.ZS,,,,,,,,,,,,,,,,,,,,,,,,,,,,,,,,,,,,,,,,,,,,,,,,,,,,,,,,,,,,,
Portugal,PRT,Tasa tributaria total (% de utilidades comerciales),IC.TAX.TOTL.CP.ZS,,,,,,,,,,,,,,,,,,,,,,,,,,,,,,,,,,,,,,,,,,,,,,43.8,43.8,42.9,42.5,42.3,42.6,42.6,41.9,42.2,42.3,40.9,39.8,39.8,39.8,39.8,
Paraguay,PRY,Tasa tributaria total (% de utilidades comerciales),IC.TAX.TOTL.CP.ZS,,,,,,,,,,,,,,,,,,,,,,,,,,,,,,,,,,,,,,,,,,,,,,54.5,44.8,35.1,35,35,35,35,35,35,35,35,35,35,35,35,
Ribera Occidental y Gaza,PSE,Tasa tributaria total (% de utilidades comerciales),IC.TAX.TOTL.CP.ZS,,,,,,,,,,,,,,,,,,,,,,,,,,,,,,,,,,,,,,,,,,,,,,22.5,18.1,16.8,16.5,16.5,16.5,16.5,16.5,16.5,15.3,15.3,15.3,15.3,15.3,15.3,
Estados pequeos de las Islas del Pacfico,PSS,Tasa tributaria total (% de utilidades comerciales),IC.TAX.TOTL.CP.ZS,,,,,,,,,,,,,,,,,,,,,,,,,,,,,,,,,,,,,,,,,,,,,,39.0555555555556,39.0555555555556,38.9555555555556,38.8555555555556,38.2888888888889,38.1888888888889,38.1111111111111,38.3333333333333,38.8888888888889,38.9555555555556,38.9555555555556,39.2333333333333,39.2,39.3555555555556,39.4555555555556,
posterior al dividendo demográfico,PST,Tasa tributaria total (% de utilidades comerciales),IC.TAX.TOTL.CP.ZS,,,,,,,,,,,,,,,,,,,,,,,,,,,,,,,,,,,,,,,,,,,,,,49.2741935483871,46.934375,45.946875,45.3375,43.225,41.553125,40.1264705882353,39.6470588235294,40.2444444444444,40.3166666666667,39.8277777777778,39.7,38.7861111111111,38.7861111111111,38.8305555555556,
Polinesia Francesa,PYF,Tasa tributaria total (% de utilidades comerciales),IC.TAX.TOTL.CP.ZS,,,,,,,,,,,,,,,,,,,,,,,,,,,,,,,,,,,,,,,,,,,,,,,,,,,,,,,,,,,,,
Qatar,QAT,Tasa tributaria total (% de utilidades comerciales),IC.TAX.TOTL.CP.ZS,,,,,,,,,,,,,,,,,,,,,,,,,,,,,,,,,,,,,,,,,,,,,,,,11.3,11.3,11.3,11.3,11.3,11.3,11.3,11.3,11.3,11.3,11.3,11.3,11.3,
Rumania,ROU,Tasa tributaria total (% de utilidades comerciales),IC.TAX.TOTL.CP.ZS,,,,,,,,,,,,,,,,,,,,,,,,,,,,,,,,,,,,,,,,,,,,,,55.8,48.2,45.6,45.4,45.5,44,43.5,43.3,43.2,43.2,42,40,40,40,20,
Federación de Rusia,RUS,Tasa tributaria total (% de utilidades comerciales),IC.TAX.TOTL.CP.ZS,,,,,,,,,,,,,,,,,,,,,,,,,,,,,,,,,,,,,,,,,,,,,,,,,,,,,,48.7,48.9,47,47.4,47.5,46.3,46.2,
Rwanda,RWA,Tasa tributaria total (% de utilidades comerciales),IC.TAX.TOTL.CP.ZS,,,,,,,,,,,,,,,,,,,,,,,,,,,,,,,,,,,,,,,,,,,,,,41.2,41.2,37.2,37.1,34.7,34.7,34.7,34.5,33,33,33,33,33.2,33.2,33.2,
Asia meridional,SAS,Tasa tributaria total (% de utilidades comerciales),IC.TAX.TOTL.CP.ZS,,,,,,,,,,,,,,,,,,,,,,,,,,,,,,,,,,,,,,,,,,,,,,34.32,34.94,35.38,35.64,35.32,42.14,45.36,37.16,38.9375,38.8,38.6875,40.3125,43.2,43.5875,43.8625,
Arabia Saudita,SAU,Tasa tributaria total (% de utilidades comerciales),IC.TAX.TOTL.CP.ZS,,,,,,,,,,,,,,,,,,,,,,,,,,,,,,,,,,,,,,,,,,,,,,14.9,14.6,14.6,14.6,14.7,14.7,14.7,14.7,14.6,14.6,15,15.7,15.7,15.7,15.7,
Sudán,SDN,Tasa tributaria total (% de utilidades comerciales),IC.TAX.TOTL.CP.ZS,,,,,,,,,,,,,,,,,,,,,,,,,,,,,,,,,,,,,,,,,,,,,,49.7,36.1,36.1,36.1,36.1,36.1,36.1,36.1,45.4,45.4,45.4,45.4,45.4,45.4,45.4,
Senegal,SEN,Tasa tributaria total (% de utilidades comerciales),IC.TAX.TOTL.CP.ZS,,,,,,,,,,,,,,,,,,,,,,,,,,,,,,,,,,,,,,,,,,,,,,50.3,45.5,45.5,45.5,45.5,45.5,45.5,45.5,45.3,45.1,47.3,45.1,45.1,45.1,44.8,
Singapur,SGP,Tasa tributaria total (% de utilidades comerciales),IC.TAX.TOTL.CP.ZS,,,,,,,,,,,,,,,,,,,,,,,,,,,,,,,,,,,,,,,,,,,,,,26.2,22.4,21.8,24.2,24.1,23.4,23.8,18.4,20.1,18,18,19.1,20.3,20.6,21,
Islas Salomón,SLB,Tasa tributaria total (% de utilidades comerciales),IC.TAX.TOTL.CP.ZS,,,,,,,,,,,,,,,,,,,,,,,,,,,,,,,,,,,,,,,,,,,,,,26.1,26.1,26.1,26.1,26.1,26.2,26.2,25.3,32,32,32,32,32,32,32,
Sierra Leona,SLE,Tasa tributaria total (% de utilidades comerciales),IC.TAX.TOTL.CP.ZS,,,,,,,,,,,,,,,,,,,,,,,,,,,,,,,,,,,,,,,,,,,,,,272,272,235.2,235.2,235.2,235.2,32.4,32.4,31,31,30.7,30.7,30.7,30.7,30.7,
El Salvador,SLV,Tasa tributaria total (% de utilidades comerciales),IC.TAX.TOTL.CP.ZS,,,,,,,,,,,,,,,,,,,,,,,,,,,,,,,,,,,,,,,,,,,,,,34.8,34.8,34.8,34.8,34.8,34.8,34.8,34.8,38.8,38.8,38.8,35.5,35.5,35.6,36.4,
San Marino,SMR,Tasa tributaria total (% de utilidades comerciales),IC.TAX.TOTL.CP.ZS,,,,,,,,,,,,,,,,,,,,,,,,,,,,,,,,,,,,,,,,,,,,,,,,,,,,,40.1,39.9,39.9,40.3,35.2,35.7,35.7,36.2,
Somalia,SOM,Tasa tributaria total (% de utilidades comerciales),IC.TAX.TOTL.CP.ZS,,,,,,,,,,,,,,,,,,,,,,,,,,,,,,,,,,,,,,,,,,,,,,,,,,,,,,,,,,,,,
Serbia,SRB,Tasa tributaria total (% de utilidades comerciales),IC.TAX.TOTL.CP.ZS,,,,,,,,,,,,,,,,,,,,,,,,,,,,,,,,,,,,,,,,,,,,,,30.9,30.9,30.9,29.2,29.2,31.2,31.2,31.2,31.2,35.6,36.6,36.7,36.7,36.6,36.6,
África al sur del Sahara (excluido altos ingresos),SSA,Tasa tributaria total (% de utilidades comerciales),IC.TAX.TOTL.CP.ZS,,,,,,,,,,,,,,,,,,,,,,,,,,,,,,,,,,,,,,,,,,,,,,72.4511627906977,74.2977272727273,73.5272727272727,72.8840909090909,72.325,69.6954545454546,59.0022727272727,58.2,50.5,45.8586956521739,46.104347826087,46.9239130434783,46.8913043478261,47.0760869565217,47.6413043478261,
Sudán del Sur,SSD,Tasa tributaria total (% de utilidades comerciales),IC.TAX.TOTL.CP.ZS,,,,,,,,,,,,,,,,,,,,,,,,,,,,,,,,,,,,,,,,,,,,,,,,,,,,,26.4,29.2,29,29,31.4,31.4,31.4,31.4,
África al sur del Sahara,SSF,Tasa tributaria total (% de utilidades comerciales),IC.TAX.TOTL.CP.ZS,,,,,,,,,,,,,,,,,,,,,,,,,,,,,,,,,,,,,,,,,,,,,,71.9045454545454,73.7222222222222,72.9688888888889,72.3,71.6977777777778,69.08,58.3577777777778,57.445652173913,49.968085106383,45.5170212765957,45.763829787234,46.5659574468085,46.5340425531915,46.7148936170213,47.268085106383,
Pequeños Estados,SST,Tasa tributaria total (% de utilidades comerciales),IC.TAX.TOTL.CP.ZS,,,,,,,,,,,,,,,,,,,,,,,,,,,,,,,,,,,,,,,,,,,,,,49.7666666666667,48.8365853658536,46.7659090909091,45.6422222222222,44.4777777777778,43.5088888888889,42.9510638297872,43.3041666666667,42.8291666666667,38.1729166666667,37.6520833333333,38.225,38.2708333333333,38.5979166666667,38.6416666666667,
Santo Tomé y Príncipe,STP,Tasa tributaria total (% de utilidades comerciales),IC.TAX.TOTL.CP.ZS,,,,,,,,,,,,,,,,,,,,,,,,,,,,,,,,,,,,,,,,,,,,,,51,51.3,51.3,51.3,51.3,38.8,38,38,38,37.5,37.5,37,37,37,37,
Suriname,SUR,Tasa tributaria total (% de utilidades comerciales),IC.TAX.TOTL.CP.ZS,,,,,,,,,,,,,,,,,,,,,,,,,,,,,,,,,,,,,,,,,,,,,,27.9,27.9,27.9,27.9,27.9,27.9,27.9,27.9,27.9,27.9,27.9,27.9,27.9,27.9,27.9,
República Eslovaca,SVK,Tasa tributaria total (% de utilidades comerciales),IC.TAX.TOTL.CP.ZS,,,,,,,,,,,,,,,,,,,,,,,,,,,,,,,,,,,,,,,,,,,,,,50,47.6,47.6,47.4,48.4,48.9,48.3,49.2,48.7,49.4,50.4,50.1,50.1,49.7,49.7,
Eslovenia,SVN,Tasa tributaria total (% de utilidades comerciales),IC.TAX.TOTL.CP.ZS,,,,,,,,,,,,,,,,,,,,,,,,,,,,,,,,,,,,,,,,,,,,,,39.2,39.2,38.4,34.9,35.8,33.6,32.9,32.9,31.4,31,31,31,31,31,31,
Suecia,SWE,Tasa tributaria total (% de utilidades comerciales),IC.TAX.TOTL.CP.ZS,,,,,,,,,,,,,,,,,,,,,,,,,,,,,,,,,,,,,,,,,,,,,,54.1,54.1,53.8,53.8,53.9,52.1,52.1,52.1,52.1,49.1,49.1,49.1,49.1,49.1,49.1,
Eswatini,SWZ,Tasa tributaria total (% de utilidades comerciales),IC.TAX.TOTL.CP.ZS,,,,,,,,,,,,,,,,,,,,,,,,,,,,,,,,,,,,,,,,,,,,,,36.6,36.6,36.6,36.6,36.6,36.8,37.6,36.8,36.7,36.9,34.7,35.1,35.2,35.7,35.8,
Sint Maarten (Dutch part),SXM,Tasa tributaria total (% de utilidades comerciales),IC.TAX.TOTL.CP.ZS,,,,,,,,,,,,,,,,,,,,,,,,,,,,,,,,,,,,,,,,,,,,,,,,,,,,,,,,,,,,,
Seychelles,SYC,Tasa tributaria total (% de utilidades comerciales),IC.TAX.TOTL.CP.ZS,,,,,,,,,,,,,,,,,,,,,,,,,,,,,,,,,,,,,,,,,,,,,,48.4,48.4,48.4,46.6,44.1,42,30,23.5,25.5,29.8,30.1,30.1,30.1,30.1,30.1,
República Árabe Siria,SYR,Tasa tributaria total (% de utilidades comerciales),IC.TAX.TOTL.CP.ZS,,,,,,,,,,,,,,,,,,,,,,,,,,,,,,,,,,,,,,,,,,,,,,43.5,43.5,43.5,40.5,39.9,39.9,39.9,39.9,39.9,42.7,42.7,42.7,42.7,42.7,42.7,
Islas Turcas y Caicos,TCA,Tasa tributaria total (% de utilidades comerciales),IC.TAX.TOTL.CP.ZS,,,,,,,,,,,,,,,,,,,,,,,,,,,,,,,,,,,,,,,,,,,,,,,,,,,,,,,,,,,,,
Chad,TCD,Tasa tributaria total (% de utilidades comerciales),IC.TAX.TOTL.CP.ZS,,,,,,,,,,,,,,,,,,,,,,,,,,,,,,,,,,,,,,,,,,,,,,74,74,74,71.3,71.3,75.8,75.8,75.7,72.4,63.5,63.5,63.5,63.5,63.5,63.5,
Asia oriental y el Pacífico (BIRF y la AIF),TEA,Tasa tributaria total (% de utilidades comerciales),IC.TAX.TOTL.CP.ZS,,,,,,,,,,,,,,,,,,,,,,,,,,,,,,,,,,,,,,,,,,,,,,38.7833333333333,38.7777777777778,38.8388888888889,37.2666666666667,35.15,34.5722222222222,34.9666666666667,35.1157894736842,36.1952380952381,35.9619047619048,35.8047619047619,36.1,35.8333333333333,35.7095238095238,35.8,
Europa y Asia central (BIRF y la AIF),TEC,Tasa tributaria total (% de utilidades comerciales),IC.TAX.TOTL.CP.ZS,,,,,,,,,,,,,,,,,,,,,,,,,,,,,,,,,,,,,,,,,,,,,,54.3736842105263,52.135,48.64,48.6,43.3142857142857,39.2619047619048,38.2857142857143,37.7190476190476,37.1045454545455,34.2681818181818,34.7681818181818,33.8772727272727,33.3090909090909,33.0136363636364,32.3681818181818,
Togo,TGO,Tasa tributaria total (% de utilidades comerciales),IC.TAX.TOTL.CP.ZS,,,,,,,,,,,,,,,,,,,,,,,,,,,,,,,,,,,,,,,,,,,,,,52.5,52.5,52.6,52.6,52.5,50.3,48.9,48.9,48.9,50.3,48.5,48.5,48.5,48.2,48.2,
Tailandia,THA,Tasa tributaria total (% de utilidades comerciales),IC.TAX.TOTL.CP.ZS,,,,,,,,,,,,,,,,,,,,,,,,,,,,,,,,,,,,,,,,,,,,,,36.4,35.9,36.4,36.1,35.8,35.8,35.9,36.1,28.7,26,26.8,29.6,28.7,29.5,29.5,
Tayikistán,TJK,Tasa tributaria total (% de utilidades comerciales),IC.TAX.TOTL.CP.ZS,,,,,,,,,,,,,,,,,,,,,,,,,,,,,,,,,,,,,,,,,,,,,,79.9,79.9,80,83.4,83.8,84,84.5,84.5,80.9,81.8,81.8,66.1,66.3,67.3,67.3,
Turkmenistán,TKM,Tasa tributaria total (% de utilidades comerciales),IC.TAX.TOTL.CP.ZS,,,,,,,,,,,,,,,,,,,,,,,,,,,,,,,,,,,,,,,,,,,,,,,,,,,,,,,,,,,,,
América Latina y el Caribe (BIRF y la AIF),TLA,Tasa tributaria total (% de utilidades comerciales),IC.TAX.TOTL.CP.ZS,,,,,,,,,,,,,,,,,,,,,,,,,,,,,,,,,,,,,,,,,,,,,,48.55,48.0071428571429,47.7678571428571,46.3678571428571,46.3428571428571,45.9285714285714,46.0107142857143,45.9571428571429,47.2733333333333,47.58,47.2233333333333,45.76,46.4733333333333,46.7633333333333,46.8333333333333,
Timor-Leste,TLS,Tasa tributaria total (% de utilidades comerciales),IC.TAX.TOTL.CP.ZS,,,,,,,,,,,,,,,,,,,,,,,,,,,,,,,,,,,,,,,,,,,,,,48.9,48.9,48.9,33.1,11.2,11.2,11.2,11.2,11.2,11.2,11.2,11.2,11.2,11.2,17.3,
Oriente Medio y Norte de África (BIRF y la AIF),TMN,Tasa tributaria total (% de utilidades comerciales),IC.TAX.TOTL.CP.ZS,,,,,,,,,,,,,,,,,,,,,,,,,,,,,,,,,,,,,,,,,,,,,,59.9090909090909,46.1363636363636,45.8818181818182,44.8727272727273,44.5909090909091,44.6,43.0818181818182,42.075,41.2833333333333,42.0083333333333,41.8583333333333,41.0583333333333,41.625,41.5,41.0916666666667,
Tonga,TON,Tasa tributaria total (% de utilidades comerciales),IC.TAX.TOTL.CP.ZS,,,,,,,,,,,,,,,,,,,,,,,,,,,,,,,,,,,,,,,,,,,,,,27.5,27.5,27.5,27.5,22.7,23.6,23.6,23.6,27.5,27.5,27.5,27.5,27.5,27.5,27.5,
Asia meridional (BIRF y la AIF),TSA,Tasa tributaria total (% de utilidades comerciales),IC.TAX.TOTL.CP.ZS,,,,,,,,,,,,,,,,,,,,,,,,,,,,,,,,,,,,,,,,,,,,,,34.32,34.94,35.38,35.64,35.32,42.14,45.36,37.16,38.9375,38.8,38.6875,40.3125,43.2,43.5875,43.8625,
África al sur del Sahara (BIRF y la AIF),TSS,Tasa tributaria total (% de utilidades comerciales),IC.TAX.TOTL.CP.ZS,,,,,,,,,,,,,,,,,,,,,,,,,,,,,,,,,,,,,,,,,,,,,,71.9045454545454,73.7222222222222,72.9688888888889,72.3,71.6977777777778,69.08,58.3577777777778,57.445652173913,49.968085106383,45.5170212765957,45.763829787234,46.5659574468085,46.5340425531915,46.7148936170213,47.268085106383,
Trinidad y Tobago,TTO,Tasa tributaria total (% de utilidades comerciales),IC.TAX.TOTL.CP.ZS,,,,,,,,,,,,,,,,,,,,,,,,,,,,,,,,,,,,,,,,,,,,,,39.2,39.2,35,36.3,36.3,35,31,31,31.5,32,32.2,32,36.2,39.7,40.5,
Túnez,TUN,Tasa tributaria total (% de utilidades comerciales),IC.TAX.TOTL.CP.ZS,,,,,,,,,,,,,,,,,,,,,,,,,,,,,,,,,,,,,,,,,,,,,,61.2,61.2,61.2,59.1,62.8,62.8,62.8,62.8,62.8,62.8,60.2,60.2,64.1,60.2,60.7,
Turquía,TUR,Tasa tributaria total (% de utilidades comerciales),IC.TAX.TOTL.CP.ZS,,,,,,,,,,,,,,,,,,,,,,,,,,,,,,,,,,,,,,,,,,,,,,46.1,45.7,44.3,44,42.9,42.9,39.7,39.7,39.4,39.8,40.5,40.5,40.4,40.4,42.3,
Tuvalu,TUV,Tasa tributaria total (% de utilidades comerciales),IC.TAX.TOTL.CP.ZS,,,,,,,,,,,,,,,,,,,,,,,,,,,,,,,,,,,,,,,,,,,,,,,,,,,,,,,,,,,,,
Tanzanía,TZA,Tasa tributaria total (% de utilidades comerciales),IC.TAX.TOTL.CP.ZS,,,,,,,,,,,,,,,,,,,,,,,,,,,,,,,,,,,,,,,,,,,,,,43.8,43.8,43.9,44.4,44.4,44.4,44.9,44.9,44.3,44.3,43.9,43.9,44.1,44,43.8,
Uganda,UGA,Tasa tributaria total (% de utilidades comerciales),IC.TAX.TOTL.CP.ZS,,,,,,,,,,,,,,,,,,,,,,,,,,,,,,,,,,,,,,,,,,,,,,36.7,35,36.6,35.4,33.5,33.5,33.5,33.5,33.5,33.5,33.5,33.7,33.7,33.7,33.7,
Ucrania,UKR,Tasa tributaria total (% de utilidades comerciales),IC.TAX.TOTL.CP.ZS,,,,,,,,,,,,,,,,,,,,,,,,,,,,,,,,,,,,,,,,,,,,,,57.3,57,56.6,57.2,57.2,55.5,57.1,55.4,54.4,52.7,52.2,52.3,37.8,41.7,45.2,
Ingreso mediano alto,UMC,Tasa tributaria total (% de utilidades comerciales),IC.TAX.TOTL.CP.ZS,,,,,,,,,,,,,,,,,,,,,,,,,,,,,,,,,,,,,,,,,,,,,,44.6645833333333,43.5795918367347,42.6857142857143,42.1081632653061,40.112,39.554,39.408,38.3647058823529,39.6145454545455,39.5563636363636,39.5436363636364,39.2690909090909,39.46,39.44,39.12,
Uruguay,URY,Tasa tributaria total (% de utilidades comerciales),IC.TAX.TOTL.CP.ZS,,,,,,,,,,,,,,,,,,,,,,,,,,,,,,,,,,,,,,,,,,,,,,71.3,71.3,71.3,43,41.9,41.9,41.9,41.9,41.8,41.8,41.8,41.8,41.8,41.8,41.8,
Estados Unidos,USA,Tasa tributaria total (% de utilidades comerciales),IC.TAX.TOTL.CP.ZS,,,,,,,,,,,,,,,,,,,,,,,,,,,,,,,,,,,,,,,,,,,,,,,,,,,,,,43.8,43.8,43.9,44,43.8,43.8,36.6,
Uzbekistán,UZB,Tasa tributaria total (% de utilidades comerciales),IC.TAX.TOTL.CP.ZS,,,,,,,,,,,,,,,,,,,,,,,,,,,,,,,,,,,,,,,,,,,,,,96.7,112.1,90.3,89.8,95,95.8,97.7,98.7,93.7,42.1,41.1,38.1,38.3,32.1,31.6,
San Vicente y las Granadinas,VCT,Tasa tributaria total (% de utilidades comerciales),IC.TAX.TOTL.CP.ZS,,,,,,,,,,,,,,,,,,,,,,,,,,,,,,,,,,,,,,,,,,,,,,45,45,45,42.6,41,38.7,38.7,38.7,38.6,38.6,39.3,39.3,39.3,39.3,37,
Venezuela,VEN,Tasa tributaria total (% de utilidades comerciales),IC.TAX.TOTL.CP.ZS,,,,,,,,,,,,,,,,,,,,,,,,,,,,,,,,,,,,,,,,,,,,,,50.2,49.8,53.6,55.6,60.4,51.9,62.8,61.5,65,65,64.7,65,70.1,70.1,73.3,
Islas Vírgenes Británicas,VGB,Tasa tributaria total (% de utilidades comerciales),IC.TAX.TOTL.CP.ZS,,,,,,,,,,,,,,,,,,,,,,,,,,,,,,,,,,,,,,,,,,,,,,,,,,,,,,,,,,,,,
Islas Vírgenes (EE.UU.),VIR,Tasa tributaria total (% de utilidades comerciales),IC.TAX.TOTL.CP.ZS,,,,,,,,,,,,,,,,,,,,,,,,,,,,,,,,,,,,,,,,,,,,,,,,,,,,,,,,,,,,,
Viet Nam,VNM,Tasa tributaria total (% de utilidades comerciales),IC.TAX.TOTL.CP.ZS,,,,,,,,,,,,,,,,,,,,,,,,,,,,,,,,,,,,,,,,,,,,,,39.9,39.9,39.9,39.9,40,33.1,39.9,35.3,40.8,40.8,39.4,39.4,38.1,37.8,37.6,
Vanuatu,VUT,Tasa tributaria total (% de utilidades comerciales),IC.TAX.TOTL.CP.ZS,,,,,,,,,,,,,,,,,,,,,,,,,,,,,,,,,,,,,,,,,,,,,,8.4,8.4,8.4,8.4,8.4,8.4,8.4,8.4,8.5,8.5,8.5,8.5,8.5,8.5,8.5,
Mundo,WLD,Tasa tributaria total (% de utilidades comerciales),IC.TAX.TOTL.CP.ZS,,,,,,,,,,,,,,,,,,,,,,,,,,,,,,,,,,,,,,,,,,,,,,53.1036809815951,51.9185628742515,50.7205882352941,49.8210526315789,48.5645348837209,47.2406976744186,44.1925287356322,43.5393258426966,41.8857142857143,40.5804232804233,40.4666666666667,40.3132275132275,40.3539682539683,40.2915789473684,40.3836842105263,
Samoa,WSM,Tasa tributaria total (% de utilidades comerciales),IC.TAX.TOTL.CP.ZS,,,,,,,,,,,,,,,,,,,,,,,,,,,,,,,,,,,,,,,,,,,,,,19.3,19.3,19.3,18.4,18.4,18.4,18.4,18.4,18.4,18.1,18.1,18.5,19.3,19.3,19.3,
Kosovo,XKX,Tasa tributaria total (% de utilidades comerciales),IC.TAX.TOTL.CP.ZS,,,,,,,,,,,,,,,,,,,,,,,,,,,,,,,,,,,,,,,,,,,,,,,,,,28.3,16.5,15.8,15.6,15.4,15.4,15.2,15.2,15.2,15.2,15.2,
"Yemen, Rep. del",YEM,Tasa tributaria total (% de utilidades comerciales),IC.TAX.TOTL.CP.ZS,,,,,,,,,,,,,,,,,,,,,,,,,,,,,,,,,,,,,,,,,,,,,,196.7,49.4,49.4,49.3,49.3,49.3,34.5,33.6,26.6,26.6,26.6,26.6,26.6,26.6,26.6,
Sudáfrica,ZAF,Tasa tributaria total (% de utilidades comerciales),IC.TAX.TOTL.CP.ZS,,,,,,,,,,,,,,,,,,,,,,,,,,,,,,,,,,,,,,,,,,,,,,37.1,36.6,36.1,33.3,30,30.2,31.8,32,28.7,28.9,28.8,28.8,28.9,29.1,29.2,
Zambia,ZMB,Tasa tributaria total (% de utilidades comerciales),IC.TAX.TOTL.CP.ZS,,,,,,,,,,,,,,,,,,,,,,,,,,,,,,,,,,,,,,,,,,,,,,15.4,15.4,15,15,15,14.3,14.4,16.2,15.9,15.5,18.6,18.6,15.6,15.6,15.6,
Zimbabwe,ZWE,Tasa tributaria total (% de utilidades comerciales),IC.TAX.TOTL.CP.ZS,,,,,,,,,,,,,,,,,,,,,,,,,,,,,,,,,,,,,,,,,,,,,,30.1,30.2,49.3,66.3,36.1,38.2,33.5,33.4,34.1,31.4,31.6,31.6,31.6,31.6,31.6,